Store,Address
31,"319 Kimberly Lane Suite 355, Zacharyfurt, RI 52945"
34,"15638 Moore Summit, New Sarah, WI 48788"
26,"7885 Aguirre Hill, Gutierrezfurt, DC 88287"
28,"9032 Mackenzie Spring, North Jordanmouth, WA 67265"
44,"3725 Rodney Port, Daveville, NC 49724"
27,"648 Adam Groves, East Krystal, AL 39555"
22,"1958 Lori Tunnel Suite 133, Garzashire, KY 80189"
12,"PSC 2035, Box 0433, APO AE 92306"
13,"56009 Cory Points, North Nathanielshire, KY 27296"
1,"2390 Merritt Hollow, Hinesburgh, IL 78564"
6,"48037 Thomas Parkway, North John, CA 70293"
16,"13775 Taylor Spurs, Madelinetown, TX 94844"
3,"77602 Reid Loop Suite 154, Lake Travis, DC 91092"
20,"81575 Dana Wells, North Scott, CT 94255"
40,"USNV Stevenson, FPO AA 57274"
5,"21010 Curry Summit, New Jenniferville, CT 87967"
41,"14801 Banks Road Suite 837, Port Frederickborough, MH 12867"
19,"84109 Cheyenne Stravenue Suite 424, Wayneshire, DE 49073"
43,"9502 Jones Green, South Matthew, MH 19924"
15,"6572 Vicki Meadows, Nataliebury, NH 32182"
9,"883 Simmons Extension, South Alyssa, NE 37126"
37,"901 Rodriguez Fall, Abigailmouth, MP 06868"
17,"50744 Rodney Roads Apt. 490, New Douglasville, AZ 23080"
35,"209 Michael Spring, East Steven, ID 86782"
8,"0632 Thompson Square Apt. 068, South Brian, RI 04746"
4,"84356 Judith Fort Suite 371, Larrychester, AZ 29569"
23,"69682 Andrea Bridge Suite 101, West Dylan, NY 39763"
39,"08200 Johnson Divide Suite 723, Lake Tonibury, ME 90280"
10,"PSC 3168, Box 1358, APO AP 60008"
38,"884 Michele Court, West Mark, CT 54797"
7,"590 Daisy Cliffs, North Nicoletown, MO 12171"
45,"7623 Rubio Isle Suite 412, Barryport, MH 25858"
25,"002 Bush Trafficway, Marshalltown, DE 13657"
24,"196 Lisa Keys Apt. 927, West Mandy, MH 12309"
29,"2094 Boyd Fields, Watsonbury, ME 30407"
21,"359 Kelly Heights Suite 243, East Shelby, NJ 45759"
11,"680 Garcia Brooks, East Christopherborough, MD 42878"
32,"97254 Hull Street, Snyderchester, LA 50202"
14,"PSC 5045, Box 8604, APO AP 98745"
33,"2348 Cooper Light Apt. 699, New Holly, LA 64437"
2,"073 Lori Loop Apt. 304, Josephside, WA 77123"
42,"61785 Anderson Landing, New Darren, MN 92739"
18,"9595 Frank Expressway, Michaelside, CO 29941"
36,"41796 Cohen Shore, West Leahside, AL 46358"
30,"43622 Diana Viaduct, Frankfurt, LA 05903"
